77.0001,201007011
82.0001,1518
82.0001,10004
82.0001,30014
82.0001,985092
82.0001,20140827
82.0001,20200630
82.0001,20201222
83.0001,7507
83.0001,3260
83.0001,67673
83.0001,3
83.0001,1000
83.0001,6
83.0001,100
83.0001,101
83.0001,102
83.0001,253
83.0001,312
83.0001,331
83.0001,349
83.0001,401
83.0001,402
83.0001,444
83.0001,787
83.0001,800
83.0001,1003
83.0001,1111
83.0001,5300
83.0001,5331
83.0001,5464
83.0001,5500
83.0001,5533
83.0001,5535
83.0001,5536
83.0001,5559
83.0001,5581
83.0001,5669
83.0001,5677
83.0001,5700
83.0001,6001
83.0001,6006
83.0001,6094
83.0001,6678
83.0001,6799
83.0001,7000
83.0001,7300
83.0001,7511
83.0001,7516
83.0001,7525
83.0001,7554
83.0001,7809
83.0001,8003
83.0001,8586
83.0001,8879
83.0001,9003
83.0001,9777
83.0001,9901
83.0001,9995
83.0001,10005
83.0001,10010
83.0001,10012
83.0001,10023
83.0001,10025
83.0001,10702
83.0001,11040
83.0001,11070
83.0001,12129
83.0001,13812
83.0001,56789
83.0001,60006
83.0001,60921
83.0001,88700
83.0001,88877
83.0001,90112
83.0001,91011
83.0001,98765
83.0001,101022
83.0001,111011
83.0001,166100
83.0001,166234
83.0001,166400
83.0001,166501
83.0001,166736
83.0001,166741
83.0001,200100
83.0001,200344
83.0001,200347
83.0001,201107
83.0001,201301
83.0001,201302
83.0001,201304
83.0001,201716
83.0001,201718
83.0001,201808
83.0001,201810
83.0001,202020
83.0001,202022
83.0001,209089
83.0001,212004
83.0001,220005
83.0001,220101
83.0001,260001
83.0001,300333
83.0001,313156
83.0001,2420031
83.0001,3132019
83.0001,3212005
83.0001,3240002
83.0001,3292006
83.0001,4052018
83.0001,4182000
83.0001,5092001
83.0001,5251944
83.0001,5262016
83.0001,5566789
83.0001,6152005
83.0001,6162003
83.0001,6212004
83.0001,7132004
83.0001,8132010
83.0001,9162020
83.0001,9262006
83.0001,9525055
83.0001,10252005
83.0001,11082004
83.0001,11242004
83.0001,11272019
83.0001,11944004
83.0001,12022002
83.0001,17101010
83.0001,18112010
83.0001,20040811
83.0001,20070710
83.0001,20070926
83.0001,20080417
83.0001,20080521
8807.0001,3456
8807.0001,3480
8807.0001,4412
8807.0001,59500
8807.0001,83839
8807.0001,121601
8807.0001,2000411
8807.0001,12345610
8807.0001,13089999
8807.0001,20080531
8807.0001,20160712
8807.0001,20160809
8807.0001,20201115
8807.0001,2011090601
8807.0001,2011120133
8807.0001,2011120739
8813.0001,481
8813.0001,12141
8813.0001,480
8813.0001,2
8813.0001,6
8813.0001,300
8813.0001,1000
8813.0001,1222
8813.0001,3253
8813.0001,6000
8813.0001,6601
8813.0001,11291
8813.0001,82401
10912.0026,200
10912.0026,222
10912.0026,311
10912.0026,319
10912.0026,348
10912.0026,399
10912.0026,509
10912.0026,575
10912.0026,602
10912.0026,725
10912.0026,777
10912.0026,800
10912.0026,1111
10912.0026,1209
10912.0026,1212
10912.0026,1290
10912.0026,1818
10912.0026,2100
10912.0026,2104
10912.0026,3030
10912.0026,3980
10912.0026,3999
10912.0026,4165
10912.0026,5255
10912.0026,5282
10912.0026,5554
10912.0026,6263
10912.0026,6998
10912.0026,7100
10912.0026,7190
10912.0026,8800
10912.0026,8970
10912.0026,9001
10912.0026,9833
10912.0026,9835
10912.0026,9919
10912.0026,9966
10912.0026,10101
10912.0026,10102
10912.0026,13000
10912.0026,14000
10912.0026,18000
10912.0026,21890
10912.0026,21902
10912.0026,22222
10912.0026,23000
10912.0026,23391
10912.0026,23456
10912.0026,25487
10912.0026,31100
10912.0026,33356
10912.0026,33455
10912.0026,34122
10912.0026,34400
10912.0026,34456
10912.0026,34599
10912.0026,34899
10912.0026,44200
10912.0026,44502
10912.0026,44900
10912.0026,52522
10912.0026,54021
10912.0026,55285
10912.0026,55501
10912.0026,55708
10912.0026,58876
10912.0026,66890
10912.0026,67900
10912.0026,68000
10912.0026,77111
10912.0026,77113
10912.0026,77114
10912.0026,79000
10912.0026,82501
10912.0026,92345
10912.0026,98766
10912.0026,98987
10912.0026,98989
10912.0026,99990
10912.0026,102394
10912.0026,133000
10912.0026,195699
10912.0026,199889
10912.0026,200498
10912.0026,200502
10912.0026,260271
10912.0026,284482
10912.0026,305003
10912.0026,308002
10912.0026,313001
10912.0026,313063
10912.0026,313071
10912.0026,313073
10912.0026,313074
10912.0026,313083
10912.0026,313320
10912.0026,313323
10912.0026,313325
10912.0026,313328
10912.0026,313515
10912.0026,348773
10912.0026,393939
10912.0026,444003
10912.0026,444007
10912.0026,444417
10912.0026,444418
10912.0026,444420
10912.0026,444444
10912.0026,445009
10912.0026,445567
10912.0026,455221
10912.0026,504405
10912.0026,525010
10912.0026,525023
10912.0026,525026
10912.0026,525035
10912.0026,525036
10912.0026,525037
10912.0026,525072
10912.0026,525074
10912.0026,525105
10912.0026,525111
10912.0026,525112
10912.0026,525117
10912.0026,525122
10912.0026,525128
10912.0026,555001
10912.0026,764574
10912.0026,767676
10912.0026,776655
10912.0026,811120
10912.0026,898898
10912.0026,949596
10912.0026,980225
10912.0026,980257
10912.0026,980306
10912.0026,990990
10912.0026,3030001
10912.0026,3040004
10912.0026,3050002
10912.0026,3363636
10912.0026,6696969
10912.0026,19191919
10912.0026,43534663
10912.0026,54645645
10912.0026,98050401
10912.0026,98080701
10912.0026,98110301
10912.0026,98777777
10912.0026,102120041
10912.0026,111300517
10912.0026,135797531
10912.0026,329832478
10912.0026,456123789
10912.0026,563412888
10912.0026,755
10912.0026,1199
10912.0026,4101
10912.0026,18700
10912.0026,55980
10912.0026,220598
10912.0026,427980
10912.0026,7474742
10912.0026,70509080
10912.0026,9991
83.0001,5456
83.0001,130
83.0001,201
83.0001,980311
83.0001,22
83.0001,501
83.0001,10099
83.0001,6790
83.0001,6793
83.0001,315
83.0001,85028491
83.0001,1401
83.0001,224455
83.0001,1223
83.0001,10223
83.0001,682005
83.0001,1120191
83.0001,6142004
83.0001,9122006
83.0001,20160914
83.0001,149566
83.0001,1234567
10912.0026,2323432
10912.0026,52511544
10912.0026,9999999999
10912.0026,1
10912.0026,3333
10912.0026,21765443
10912.0026,1245
10912.0026,6666666
10912.0026,7275352
10912.0026,7777777
10912.0026,98040501
10912.0026,601209
10912.0026,1234321
82.0001,3001
82.0001,4500
82.0001,4502
83.0001,1037
83.0001,3390
83.0001,34499
83.0001,44500
83.0001,44871
10912.0026,10001
10912.0026,22233
10912.0026,112212
10912.0026,181818
10912.0026,444404
10912.0026,3457353
10912.0026,9844445
83.0001,50921
83.0001,60002222
83.0001,40011109
83.0001,43934349
83.0001,61520181
83.0001,62920161
83.0001,81420001
83.0001,98013001
83.0001,98020301
83.0001,98032503
83.0001,99040602
83.0001,100200300
83.0001,102620172
83.0001,110120173
83.0001,111720181
83.0001,200334455
83.0001,200403092
83.0001,200403291
83.0001,200404202
83.0001,200404231
83.0001,200408112
83.0001,201107112
83.0001,201107133
83.0001,201107172
83.0001,201109302
83.0001,201502203
83.0001,201508241
83.0001,201708101
83.0001,202101112
83.0001,209909293
83.0001,270920112
83.0001,1036170221
83.0001,2011080105
83.0001,2015022010
83.0001,2015022011
83.0001,2015022026
83.0001,3215544225
89.0001,6060
104.0001,9999
83.0001,1357
83.0001,1500
83.0001,1900
83.0001,2299
83.0001,2424
83.0001,2554
83.0001,2811
83.0001,2890
83.0001,3033
83.0001,3096
83.0001,3277
83.0001,3345
83.0001,3535
83.0001,3589
83.0001,3747
83.0001,3802
83.0001,3931
83.0001,5016
83.0001,5071
83.0001,368902
83.0001,445567
83.0001,501001
83.0001,510901
83.0001,510903
83.0001,542018
83.0001,555432
83.0001,555556
83.0001,556868
83.0001,562341
83.0001,565657
83.0001,592016
83.0001,613902
83.0001,632004
83.0001,778123
83.0001,778125
83.0001,778130
83.0001,858585
83.0001,985635
83.0001,1052022
83.0001,1059880
83.0001,1103421
83.0001,1234455
83.0001,1234666
83.0001,1282004
83.0001,1434902
83.0001,1520213
83.0001,2003476
83.0001,2004712
83.0001,2014001
83.0001,2020005
83.0001,2042016
83.0001,2072021
83.0001,2170001
83.0001,71007
83.0001,92003
83.0001,166050
83.0001,282828
83.0001,20101020
83.0001,91720031
83.0001,200404302
83.0001,201107143
83.0001,2011080204
8807.0001,20261
8813.0001,12102
10912.0026,84
10912.0026,133
10912.0026,223
10912.0026,448
10912.0026,775
10912.0026,787
10912.0026,2727
8813.0001,123456
8813.0001,129002
8813.0001,130001
8813.0001,881245
8813.0001,1111306
8813.0001,1234567
8813.0001,3170001
8813.0001,3170012
8813.0001,11113014
8813.0001,11113015
8813.0001,201903231
8816.0001,111500717
8824.0001,2002
8834.0001,320
8834.0001,490
8834.0001,1219
8834.0001,3440
8834.0001,5000
8834.0001,5001
8834.0001,5025
8834.0001,5028
8834.0001,5031
8834.0001,5049
8834.0001,5527
8834.0001,6000
8834.0001,6014
8834.0001,6015
8834.0001,6024
8834.0001,6033
8834.0001,6034
8834.0001,6039
8834.0001,6041
8834.0001,6054
8834.0001,6055
8837.0001,525050
9072.0001,32500
9072.0001,33501
9393.0001,10262020
9393.0001,12720203
9393.0001,20127202
10912.0026,1123
10912.0026,4
10912.0026,42
10912.0026,71
10912.0026,111
10912.0026,164
10912.0026,646468686
18886.0045,61720161538
83.0001,44890
83.0001,46337
83.0001,96865
83.0001,200348
8807.0001,9031
8807.0001,802611
8816.0001,999001
8816.0001,111400517
83.0001,20090102
83.0001,20100901
83.0001,20101118
83.0001,20101123
83.0001,20101224
83.0001,20110513
83.0001,20110707
83.0001,20110717
83.0001,20110726
83.0001,20110802
83.0001,20110810
83.0001,20111012
83.0001,20111108
83.0001,20120110
83.0001,20120326
83.0001,20120504
83.0001,20120509
83.0001,20120811
83.0001,20130415
83.0001,20140617
83.0001,20141024
83.0001,20150406
83.0001,20150410
83.0001,20150504
83.0001,20150824
83.0001,20160011
83.0001,20160301
83.0001,20160401
83.0001,20160815
83.0001,20170314
83.0001,20170706
83.0001,20180516
83.0001,20182001
83.0001,20190301
83.0001,20190328
83.0001,20190330
83.0001,20190427
83.0001,20190814
83.0001,20191004
83.0001,20191202
83.0001,20191208
83.0001,20200406
83.0001,20200802
83.0001,20210112
83.0001,20210219
83.0001,20210223
83.0001,20210318
83.0001,20210321
83.0001,20210617
83.0001,20210618
83.0001,21420191
83.0001,25200345
83.0001,22002
83.0001,33001
83.0001,55003
83.0001,55007
83.0001,77878
83.0001,5465463
83.0001,5465464
83.0001,101220221
8807.0001,903
8807.0001,670100
8807.0001,670300
8807.0001,670301
8807.0001,8000004
8807.0001,1006816
8807.0001,6000005
8807.0001,6000009
8807.0001,6000010
8813.0001,12132
8813.0001,110261
9062.0001,4508232
10251.0001,111300317
10912.0026,23310
83.0001,20008
83.0001,20103
83.0001,20116
83.0001,20119
83.0001,20126
83.0001,20164
83.0001,21001
83.0001,23329
83.0001,24001
83.0001,24005
83.0001,24006
83.0001,24012
83.0001,30445
83.0001,33366
83.0001,33900
83.0001,34410
83.0001,36990
83.0001,39981
83.0001,45667
83.0001,52998
83.0001,53821
83.0001,54665
83.0001,55555
83.0001,55558
83.0001,55560
22.0001,10000
82.0001,100
82.0001,1513
82.0001,2001
82.0001,6509
82.0001,10002
82.0001,10005
82.0001,10006
82.0001,10009
82.0001,20034
82.0001,32500
82.0001,32502
83.0001,123456789012
83.0001,679
83.0001,3332
83.0001,101010
83.0001,888888
83.0001,989897
83.0001,800001
83.0001,45
83.0001,99
83.0001,303
83.0001,333
83.0001,404
83.0001,415
83.0001,455
83.0001,650
83.0001,701
83.0001,704
83.0001,808
83.0001,949
83.0001,1007
83.0001,1009
83.0001,1120
83.0001,1130
83.0001,1132
83.0001,1199
83.0001,5468
83.0001,5501
83.0001,5522
83.0001,5541
83.0001,5546
83.0001,6093
83.0001,6603
83.0001,6698
83.0001,6877
83.0001,6899
83.0001,7501
83.0001,7508
83.0001,7523
83.0001,7654
83.0001,7655
83.0001,7733
83.0001,8484
83.0001,8493
83.0001,8970
83.0001,9300
83.0001,9977
83.0001,10007
83.0001,10018
83.0001,10029
83.0001,10137
83.0001,11042
83.0001,11081
83.0001,11199
83.0001,12000
83.0001,12239
83.0001,12929
83.0001,13455
83.0001,58819
83.0001,59012
83.0001,76543
83.0001,78911
83.0001,84391
83.0001,84393
83.0001,88878
83.0001,99996
83.0001,100221
83.0001,102080
83.0001,102091
83.0001,124786
83.0001,151003
83.0001,152005
83.0001,156001
83.0001,165767
83.0001,166515
83.0001,166727
83.0001,166740
83.0001,166743
83.0001,167167
83.0001,169988
83.0001,176063
83.0001,181106
83.0001,200075
83.0001,200351
83.0001,200901
83.0001,201102
83.0001,201178
83.0001,201305
83.0001,201401
83.0001,201724
83.0001,201802
83.0001,201803
83.0001,201806
83.0001,201812
83.0001,201905
83.0001,213005
83.0001,220001
83.0001,220100
83.0001,233040
83.0001,240006
83.0001,240009
83.0001,4112002
83.0001,4122003
83.0001,4222004
83.0001,4420081
83.0001,5050001
83.0001,6152004
83.0001,8420041
83.0001,8420161
83.0001,9222003
83.0001,9803033
83.0001,9864105
83.0001,9867105
83.0001,10132020
83.0001,10262017
83.0001,11012017
83.0001,11132020
83.0001,11152021
83.0001,11212019
83.0001,12052019
83.0001,12341234
83.0001,20071234
83.0001,20080311
83.0001,20080416
8807.0001,4500
8807.0001,99999
8807.0001,292929
8807.0001,1308131
8807.0001,2000512
8807.0001,13081304
8807.0001,13081306
8807.0001,20100513
8807.0001,201006182
8807.0001,2011120842
8807.0001,2011121343
8807.0001,20111207411
8813.0001,46783
8813.0001,2142
8813.0001,3655
8813.0001,4233
8813.0001,9002
8813.0001,9866
8813.0001,10221
8813.0001,10222
8813.0001,20232
8813.0001,31901
8813.0001,56789
8813.0001,70301
10912.0026,317
10912.0026,353
10912.0026,402
10912.0026,500
10912.0026,511
10912.0026,608
10912.0026,660
10912.0026,808
10912.0026,877
10912.0026,1366
10912.0026,1574
10912.0026,1600
10912.0026,1814
10912.0026,2400
10912.0026,2900
10912.0026,3341
10912.0026,3450
10912.0026,3700
10912.0026,3803
10912.0026,3986
10912.0026,4343
10912.0026,4567
10912.0026,5189
10912.0026,5501
10912.0026,5551
10912.0026,5648
10912.0026,5710
10912.0026,7878
10912.0026,8695
10912.0026,8881
10912.0026,8990
10912.0026,9777
10912.0026,11166
10912.0026,21122
10912.0026,22266
10912.0026,23239
10912.0026,23800
10912.0026,30002
10912.0026,30303
10912.0026,34232
10912.0026,34434
10912.0026,34697
10912.0026,34726
10912.0026,34987
10912.0026,35000
10912.0026,35432
10912.0026,39000
10912.0026,42211
10912.0026,44004
10912.0026,44011
10912.0026,44012
10912.0026,44402
10912.0026,44501
10912.0026,45000
10912.0026,45667
10912.0026,45689
10912.0026,55710
10912.0026,56600
10912.0026,63633
10912.0026,65343
10912.0026,65432
10912.0026,66600
10912.0026,67800
10912.0026,68686
10912.0026,69010
10912.0026,72213
10912.0026,82000
10912.0026,82514
10912.0026,82520
10912.0026,84769
10912.0026,85000
10912.0026,87963
10912.0026,98678
10912.0026,99887
10912.0026,99888
10912.0026,99999
10912.0026,120598
10912.0026,122000
10912.0026,123123
10912.0026,138913
10912.0026,180398
10912.0026,200988
10912.0026,219000
10912.0026,255215
10912.0026,255216
10912.0026,255217
10912.0026,255220
10912.0026,300433
10912.0026,313061
10912.0026,313072
10912.0026,313079
10912.0026,313303
10912.0026,313311
10912.0026,313321
10912.0026,313324
10912.0026,334455
10912.0026,440222
10912.0026,444001
10912.0026,444002
10912.0026,444014
10912.0026,444403
10912.0026,450001
10912.0026,512598
10912.0026,525022
10912.0026,525027
10912.0026,525038
10912.0026,525057
10912.0026,525059
10912.0026,525068
10912.0026,525091
10912.0026,525107
10912.0026,525113
10912.0026,525116
10912.0026,525131
10912.0026,525305
10912.0026,525307
10912.0026,560147
10912.0026,560148
10912.0026,612598
10912.0026,626256
10912.0026,666333
10912.0026,757567
10912.0026,898989
10912.0026,980001
10912.0026,980226
10912.0026,980506
10912.0026,980827
10912.0026,983636
10912.0026,987987
10912.0026,1234567
10912.0026,1514103
10912.0026,2002001
10912.0026,2030406
10912.0026,2150001
10912.0026,2260003
10912.0026,2260006
10912.0026,2260013
10912.0026,3050001
10912.0026,3080001
10912.0026,3080003
10912.0026,4220001
10912.0026,5250646
10912.0026,9435943
10912.0026,9855555
10912.0026,10000011
10912.0026,43534563
10912.0026,44426813
10912.0026,45764554
10912.0026,56565657
10912.0026,98021301
10912.0026,98032102
10912.0026,98051401
10912.0026,98051502
10912.0026,98091501
10912.0026,98112403
10912.0026,98120301
10912.0026,99900516
10912.0026,101319983
10912.0026,111300417
10912.0026,232323876
10912.0026,358134576
10912.0026,535434634
10912.0026,555544444
10912.0026,711
10912.0026,2889
10912.0026,36487
10912.0026,98031
10912.0026,99997
10912.0026,145568
10912.0026,200505
10912.0026,655676
10912.0026,660660
10912.0026,98042303
83.0001,5001
83.0001,44
83.0001,115
83.0001,1233
83.0001,19191
83.0001,980217
83.0001,3300
83.0001,4000
83.0001,4400
83.0001,22001
83.0001,2788889
83.0001,3992612
83.0001,6781
83.0001,6783
83.0001,6792
83.0001,36211
83.0001,891011
83.0001,11221122
83.0001,8901
83.0001,878787
83.0001,325585
83.0001,222929
83.0001,2004
83.0001,2100
83.0001,5092
83.0001,505050
83.0001,1172005
83.0001,9142006
83.0001,1126
10912.0026,1231231
10912.0026,14345555
10912.0026,714838222
10912.0026,1002
10912.0026,3456543
10912.0026,1217790
10912.0026,8888888
19228.0734,54524541
19228.0734,78048
83.0001,1510
83.0001,3044
83.0001,6689
83.0001,8890
83.0001,20166
10912.0026,19000
10912.0026,25454
10912.0026,52518
10912.0026,55590
10912.0026,77899
10912.0026,313086
10912.0026,313330
10912.0026,665544
10912.0026,98042301
10912.0026,111000111
83.0001,44556677
83.0001,20112089
83.0001,42420041
83.0001,43210098
83.0001,60001116
83.0001,61320181
83.0001,80920002
83.0001,81221010
83.0001,98030201
83.0001,98050301
83.0001,98105102
83.0001,98989898
83.0001,99040601
83.0001,110120174
83.0001,200403091
83.0001,200403162
83.0001,200403181
83.0001,200404274
83.0001,200405021
83.0001,200405061
83.0001,201007132
83.0001,201008191
83.0001,201008193
83.0001,201011082
83.0001,201052321
83.0001,201107181
83.0001,201109301
83.0001,201504141
83.0001,201508271
83.0001,201511061
83.0001,201710051
83.0001,321564132
83.0001,338434348
83.0001,654987321
83.0001,2009031602
83.0001,2015022016
83.0001,2015022027
83.0001,2015022029
83.0001,100000000001
83.0001,270520161548
83.0001,1230
83.0001,1372
83.0001,1930
83.0001,1963
83.0001,2001
83.0001,2190
83.0001,2201
83.0001,2587
83.0001,3076
83.0001,3099
83.0001,3100
83.0001,3261
83.0001,3392
83.0001,3490
83.0001,3655
83.0001,4013
83.0001,4111
83.0001,4419
83.0001,4420
83.0001,4459
83.0001,4559
83.0001,4666
83.0001,5010
83.0001,5025
83.0001,344494
83.0001,401201
83.0001,414122
83.0001,421004
83.0001,422001
83.0001,567123
83.0001,654654
83.0001,678910
83.0001,712345
83.0001,767889
83.0001,777037
83.0001,801121
83.0001,818181
83.0001,822991
83.0001,842004
83.0001,882007
83.0001,888777
83.0001,901155
83.0001,980303
83.0001,985634
83.0001,992145
83.0001,1010001
83.0001,1020005
83.0001,1034807
83.0001,1059882
83.0001,1111301
83.0001,1182005
83.0001,1488601
83.0001,1662017
83.0001,2005200
83.0001,2011071
83.0001,2020001
83.0001,2020004
83.0001,2160001
83.0001,78912
83.0001,980228
83.0001,5052003
8813.0001,12051
8834.0001,5014
8841.0001,14517
10912.0026,57
10912.0026,123
10912.0026,513
10912.0026,825
10912.0026,933
10912.0026,1025
10912.0026,3232
10912.0026,5601
10912.0026,5602
10912.0026,6033
10912.0026,6677
8813.0001,91802
8813.0001,92602
8813.0001,112101
8813.0001,131003
8813.0001,633005
8813.0001,778132
8813.0001,11113010
8813.0001,200404211
8813.0001,200503171
8834.0001,5013
8834.0001,5027
8834.0001,5034
8834.0001,5040
8834.0001,5046
8834.0001,6008
8834.0001,6011
8834.0001,6022
8834.0001,6027
8834.0001,6030
8834.0001,6040
8834.0001,6056
8834.0001,6059
8837.0001,5250615
8837.0001,5250645
9072.0001,3000
9072.0001,33000
10230.0001,8883
10244.0001,9872501
10912.0026,21
10912.0026,87
10912.0026,92
10912.0026,163
10912.0026,604382568
10912.0026,4536345634
10912.0026,5463463456
19228.0734,666457
19228.0734,666458
83.0001,503
83.0001,711
83.0001,3488
83.0001,4489
83.0001,52644
83.0001,121314
83.0001,171819
83.0001,752017
83.0001,899641
83.0001,980209
8813.0001,789881
8816.0001,1041
8816.0001,451914
8816.0001,525047
83.0001,20080702
83.0001,20080926
83.0001,20090226
83.0001,20090227
83.0001,20090310
83.0001,20101105
83.0001,20110303
83.0001,20110714
83.0001,20110811
83.0001,20110822
83.0001,20110920
83.0001,20112011
83.0001,20121024
83.0001,20130517
83.0001,20140114
83.0001,20141103
83.0001,20141219
83.0001,20150220
83.0001,20150414
83.0001,20150827
83.0001,20160404
83.0001,20160421
83.0001,20167426
83.0001,20170606
83.0001,20170721
83.0001,20170918
83.0001,20180919
83.0001,20190521
83.0001,20190921
83.0001,20191030
83.0001,20200110
83.0001,20200224
83.0001,20200320
83.0001,20200401
83.0001,20200519
83.0001,20200926
83.0001,20201119
83.0001,20210217
83.0001,20210218
83.0001,20210224
83.0001,20210304
83.0001,28082002
83.0001,3302
83.0001,3303
83.0001,3355
83.0001,6602
83.0001,44006
83.0001,44009
83.0001,200201
8807.0001,2801
8807.0001,670015
8807.0001,8000001
8807.0001,8000015
8807.0001,1008238
8813.0001,1029
8813.0001,2000
8813.0001,2234
8834.0001,5029
10912.0026,615243
10912.0026,60146
10912.0026,250544
10912.0026,525012
10912.0026,525013
10912.0026,525015
10912.0026,525067
10912.0026,525076
10912.0026,567890
83.0001,17201
83.0001,20007
83.0001,20033
83.0001,20037
83.0001,20038
83.0001,20041
83.0001,20124
83.0001,20222
83.0001,20685
83.0001,21121
83.0001,21601
83.0001,21901
83.0001,22343
83.0001,24011
83.0001,24123
83.0001,27001
83.0001,31501
83.0001,32500
83.0001,32593
83.0001,34458
83.0001,34877
83.0001,38496
83.0001,42438
83.0001,42601
83.0001,44990
83.0001,48492
83.0001,54681
83.0001,55333
83.0001,55512
83.0001,55544
83.0001,55566
22.0001,6000
82.0001,200
82.0001,400
82.0001,1505
82.0001,1508
82.0001,1509
82.0001,2002
82.0001,2050
82.0001,2051
82.0001,2057
82.0001,10003
82.0001,10010
82.0001,23300
83.0001,55432
83.0001,10021
83.0001,80
83.0001,252
83.0001,329
83.0001,340
83.0001,344
83.0001,400
83.0001,555
83.0001,755
83.0001,778
83.0001,789
83.0001,810
83.0001,900
83.0001,997
83.0001,1022
83.0001,1099
83.0001,1187
83.0001,5466
83.0001,5510
83.0001,5513
83.0001,5515
83.0001,5528
83.0001,5542
83.0001,5544
83.0001,5555
83.0001,6004
83.0001,6404
83.0001,6778
83.0001,6833
83.0001,6969
83.0001,7002
83.0001,7044
83.0001,7100
83.0001,7200
83.0001,7426
83.0001,7505
83.0001,7506
83.0001,7512
83.0001,7710
83.0001,7738
83.0001,7789
83.0001,7799
83.0001,7979
83.0001,8000
83.0001,8010
83.0001,8765
83.0001,8833
83.0001,9002
83.0001,9911
83.0001,10001
83.0001,10002
83.0001,10013
83.0001,10015
83.0001,10016
83.0001,10108
83.0001,10805
83.0001,11030
83.0001,11055
83.0001,11065
83.0001,11066
83.0001,11079
83.0001,11093
83.0001,12900
83.0001,66800
83.0001,78990
83.0001,80818
83.0001,98797
83.0001,99002
83.0001,99082
83.0001,99987
83.0001,100088
83.0001,100101
83.0001,102012
83.0001,111901
83.0001,112089
83.0001,112233
83.0001,121089
83.0001,129980
83.0001,151001
83.0001,151617
83.0001,156000
83.0001,160323
83.0001,166500
83.0001,166725
83.0001,166729
83.0001,166733
83.0001,166737
83.0001,168168
83.0001,168833
83.0001,170815
83.0001,171110
83.0001,180398
83.0001,200310
83.0001,200321
83.0001,200346
83.0001,201011
83.0001,201101
83.0001,201205
83.0001,201501
83.0001,201717
83.0001,201805
83.0001,201820
83.0001,201901
83.0001,235264
83.0001,242000
83.0001,321321
83.0001,321546
83.0001,2389492
83.0001,3192007
83.0001,3215888
83.0001,3222005
83.0001,3240001
83.0001,3262001
83.0001,4072021
83.0001,4092021
83.0001,4112001
83.0001,4172001
83.0001,4182001
83.0001,4202007
83.0001,4282016
83.0001,4720051
83.0001,4985761
83.0001,5112018
83.0001,5162007
83.0001,5312016
83.0001,6000222
83.0001,6242016
83.0001,7032001
83.0001,8847883
83.0001,10112016
83.0001,11201010
83.0001,11220223
83.0001,12152006
83.0001,12813001
83.0001,20040316
83.0001,20040813
8807.0001,1876
8807.0001,12502
8807.0001,20002
8807.0001,76458
8807.0001,92101
8807.0001,789789
8807.0001,920001
8807.0001,920008
8807.0001,1234569
8807.0001,12121212
8807.0001,13081301
8807.0001,13081302
8807.0001,13081305
8807.0001,13087777
8813.0001,42901
8813.0001,7
8813.0001,773
8813.0001,822
8813.0001,918
8813.0001,919
8813.0001,1001
8813.0001,1002
8813.0001,1010
8813.0001,3013
8813.0001,5300
8813.0001,10231
8813.0001,11001
8813.0001,12301
8813.0001,12701
8813.0001,30801
10912.0026,171
10912.0026,244
10912.0026,302
10912.0026,323
10912.0026,326
10912.0026,344
10912.0026,358
10912.0026,401
10912.0026,427
10912.0026,469
10912.0026,505
10912.0026,506
10912.0026,523
10912.0026,605
10912.0026,786
10912.0026,802
10912.0026,889
10912.0026,1075
10912.0026,1234
10912.0026,1322
10912.0026,1633
10912.0026,1722
10912.0026,1723
10912.0026,1728
10912.0026,1900
10912.0026,2000
10912.0026,2111
10912.0026,2335
10912.0026,2355
10912.0026,2468
10912.0026,3022
10912.0026,3369
10912.0026,3448
10912.0026,3456
10912.0026,3550
10912.0026,4000
10912.0026,4009
10912.0026,4545
10912.0026,4550
10912.0026,5555
10912.0026,5667
10912.0026,6166
10912.0026,6320
10912.0026,7777
10912.0026,7869
10912.0026,8000
10912.0026,8766
10912.0026,8880
10912.0026,9002
10912.0026,10122
10912.0026,14154
10912.0026,16700
10912.0026,20000
10912.0026,22000
10912.0026,24000
10912.0026,31900
10912.0026,32870
10912.0026,32900
10912.0026,34009
10912.0026,34343
10912.0026,34900
10912.0026,41000
10912.0026,41100
10912.0026,41440
10912.0026,41903
10912.0026,44001
10912.0026,44007
10912.0026,44010
10912.0026,45008
10912.0026,45572
10912.0026,53584
10912.0026,55600
10912.0026,56000
10912.0026,60606
10912.0026,65090
10912.0026,67865
10912.0026,76543
10912.0026,77112
10912.0026,77115
10912.0026,77777
10912.0026,82456
10912.0026,83389
10912.0026,84000
10912.0026,85325
10912.0026,87234
10912.0026,87564
10912.0026,89300
10912.0026,98711
10912.0026,98765
10912.0026,100088
10912.0026,123211
10912.0026,200503
10912.0026,200598
10912.0026,270498
10912.0026,308001
10912.0026,313055
10912.0026,313058
10912.0026,313081
10912.0026,313304
10912.0026,313326
10912.0026,313337
10912.0026,313338
10912.0026,333301
10912.0026,352253
10912.0026,440440
10912.0026,444004
10912.0026,444406
10912.0026,451914
10912.0026,453764
10912.0026,525029
10912.0026,525032
10912.0026,525044
10912.0026,525049
10912.0026,525056
10912.0026,525070
10912.0026,525077
10912.0026,525078
10912.0026,525095
10912.0026,525118
10912.0026,525119
10912.0026,525303
10912.0026,525310
10912.0026,544565
10912.0026,550000
10912.0026,582300
10912.0026,673678
10912.0026,687978
10912.0026,800307
10912.0026,878765
10912.0026,911911
10912.0026,997997
10912.0026,1258302
10912.0026,2165004
10912.0026,3020000
10912.0026,3030002
10912.0026,3080002
10912.0026,3998891
10912.0026,4260001
10912.0026,4564764
10912.0026,5250645
10912.0026,9812101
10912.0026,9999976
10912.0026,19980423
10912.0026,65856785
10912.0026,66779951
10912.0026,66779955
10912.0026,67445643
10912.0026,98042201
10912.0026,98051501
10912.0026,98091001
10912.0026,98101601
10912.0026,98120701
10912.0026,99900216
10912.0026,111300817
10912.0026,452345342
10912.0026,987
10912.0026,2689
10912.0026,70598
10912.0026,200504
10912.0026,200700
10912.0026,421004
10912.0026,425003
10912.0026,1103982
83.0001,106
83.0001,116
83.0001,2000
83.0001,1010
83.0001,1127
83.0001,122502
83.0001,6242004
83.0001,10092001
83.0001,1919
83.0001,6782
83.0001,6788
83.0001,12346
83.0001,888800
83.0001,7891011
83.0001,20160307
83.0001,126
83.0001,4514551
83.0001,13800002
83.0001,121212
83.0001,1008
83.0001,1292006
83.0001,6122018
83.0001,10172017
83.0001,11020051
83.0001,11020053
83.0001,11520192
83.0001,15120193
83.0001,61420041
83.0001,58643270
10912.0026,52511444
10912.0026,234543453
10912.0026,48484848
10912.0026,393938
10912.0026,108
10912.0026,201
10912.0026,1172510
10912.0026,12346
83.0001,449
83.0001,888
83.0001,4323
83.0001,4325
83.0001,5009
83.0001,5656
83.0001,20031
83.0001,21402
83.0001,22299
83.0001,33901
83.0001,45559
83.0001,48090
10912.0026,7772
10912.0026,43563
10912.0026,50472
10912.0026,52198
10912.0026,82511
10912.0026,82517
10912.0026,313339
10912.0026,896745
10912.0026,98011405
10912.0026,98040703
83.0001,303233
83.0001,60001111
10912.0026,112215
83.0001,98021302
83.0001,98021801
83.0001,98032702
83.0001,98040301
83.0001,98042801
83.0001,98100100
83.0001,98100101
83.0001,98100102
83.0001,99051801
83.0001,110120171
83.0001,110120172
83.0001,122720161
83.0001,200403031
83.0001,200403033
83.0001,200403111
83.0001,200404301
83.0001,201008208
83.0001,201012123
83.0001,201107073
83.0001,201107142
83.0001,201107192
83.0001,201502201
83.0001,201511062
83.0001,201703141
83.0001,201703142
83.0001,201706062
83.0001,201708103
83.0001,333434349
83.0001,2009020301
83.0001,2011090801
83.0001,2011110702
83.0001,2015022014
83.0001,2015022022
83.0001,20100824810
83.0001,201108290101
83.0001,201108290102
83.0001,201702141124
96.0001,300
96.0001,623089
104.0001,2000
118.0001,32319
8807.0001,123
8807.0001,303
83.0001,1201
83.0001,1801
83.0001,2040
83.0001,2113
83.0001,2240
83.0001,3220
83.0001,3306
83.0001,3448
83.0001,4261
83.0001,4418
83.0001,4955
83.0001,5005
83.0001,5091
83.0001,413200
83.0001,445566
83.0001,494488
83.0001,507001
83.0001,541234
83.0001,545645
83.0001,552003
83.0001,613901
83.0001,654555
83.0001,707070
83.0001,737373
83.0001,742016
83.0001,778129
83.0001,778899
83.0001,828282
83.0001,901154
83.0001,980310
83.0001,980315
83.0001,987345
83.0001,1040003
83.0001,1272021
83.0001,1312007
83.0001,1342016
83.0001,1422401
83.0001,1505302
83.0001,1514101
83.0001,2003456
83.0001,2005300
83.0001,2021315
83.0001,2142019
83.0001,56288
83.0001,112003
83.0001,2239391
83.0001,4302003
83.0001,5812345
83.0001,8787878
83.0001,9172003
83.0001,20110910
83.0001,201107111
83.0001,201107122
8807.0001,122003
8807.0001,20111202372
8807.0001,20111202382
8813.0001,1104
8813.0001,2345
8813.0001,20190416
8813.0001,2013070304
10912.0026,113
10912.0026,139
10912.0026,3131
10912.0026,3434
10912.0026,3840
10912.0026,5251
8813.0001,92601
8813.0001,110902
8813.0001,124215
8813.0001,131004
8813.0001,204001
8813.0001,205001
8813.0001,317003
8813.0001,1514104
8813.0001,9140222
8813.0001,20190324
8816.0001,11131998
8816.0001,111400727
8824.0001,1006
8834.0001,1000
8834.0001,1001
8834.0001,1207
8834.0001,5004
8834.0001,5032
8834.0001,5041
8834.0001,5044
8834.0001,5045
8834.0001,5047
8834.0001,6021
8834.0001,6031
8834.0001,6044
8834.0001,6050
8834.0001,6057
8834.0001,6058
8834.0001,7001
9070.0001,12345
9072.0001,32501
9072.0001,33002
9393.0001,3000
9393.0001,6000
10244.0001,901
10912.0026,50811
10912.0026,981125
10912.0026,18
10912.0026,24
10912.0026,135
10912.0026,140
10912.0026,604382569
10912.0026,980401601
10912.0026,981234321
10912.0026,4235423523
19228.0734,201007163
19247.0734,20120509
83.0001,290
83.0001,310
83.0001,560
83.0001,34009
83.0001,98030398
83.0001,98042802
83.0001,201605241643
8816.0001,1113100
8816.0001,111400817
8834.0001,300
8834.0001,5008
8834.0001,5016
10912.0026,78999
10912.0026,411
83.0001,20090402
83.0001,20100410
83.0001,20100917
83.0001,20101012
83.0001,20110729
83.0001,20110908
83.0001,20120514
83.0001,20120917
83.0001,20151020
83.0001,20152016
83.0001,20161230
83.0001,20170118
83.0001,20170810
83.0001,20171005
83.0001,20180323
83.0001,20180625
83.0001,20180815
83.0001,20181002
83.0001,20190409
83.0001,20190613
83.0001,20190704
83.0001,20190920
83.0001,20191017
83.0001,20200313
83.0001,20200403
83.0001,20210212
83.0001,20210929
83.0001,20211109
83.0001,20820181
83.0001,29062016
83.0001,3304
83.0001,22111
83.0001,44001
83.0001,44004
83.0001,1212129
8807.0001,670019
8807.0001,670101
8807.0001,8000006
8807.0001,11
8807.0001,6000012
8813.0001,1017
8813.0001,1212
8834.0001,101
8834.0001,5009
10912.0026,456789
10912.0026,303080
10912.0026,440525
10912.0026,525053
83.0001,20011
83.0001,20032
83.0001,20039
83.0001,20102
83.0001,20113
83.0001,20115
83.0001,20123
83.0001,21224
83.0001,22877
83.0001,30331
83.0001,30501
83.0001,30771
83.0001,32501
83.0001,32592
83.0001,34481
83.0001,34550
83.0001,34556
83.0001,34887
83.0001,44213
83.0001,44456
83.0001,45656
83.0001,55551
23.0001,20032
28.0001,2000
82.0001,1003
82.0001,1506
82.0001,1512
82.0001,6510
82.0001,7000
82.0001,10008
82.0001,20032
82.0001,20033
82.0001,30030
82.0001,84335
82.0001,129981
82.0001,129982
82.0001,20141031
82.0001,20191212
82.0001,20200629
83.0001,3259
83.0001,2
83.0001,4
83.0001,3000
83.0001,8132003
83.0001,10
83.0001,53
83.0001,77
83.0001,85
83.0001,90
83.0001,122
83.0001,251
83.0001,591
83.0001,654
83.0001,675
83.0001,987
83.0001,1005
83.0001,1156
83.0001,5229
83.0001,5504
83.0001,5507
83.0001,5509
83.0001,5511
83.0001,5512
83.0001,5514
83.0001,5530
83.0001,5548
83.0001,5688
83.0001,5901
83.0001,6002
83.0001,6097
83.0001,6401
83.0001,6598
83.0001,6868
83.0001,7001
83.0001,7006
83.0001,7033
83.0001,7412
83.0001,7720
83.0001,7811
83.0001,8007
83.0001,8432
83.0001,9844
83.0001,9866
83.0001,10701
83.0001,11056
83.0001,12003
83.0001,12322
83.0001,13925
83.0001,56900
83.0001,59004
83.0001,60002
83.0001,60007
83.0001,64123
83.0001,64641
83.0001,77889
83.0001,78595
83.0001,78910
83.0001,78915
83.0001,85000
83.0001,86000
83.0001,88211
83.0001,88409
83.0001,90114
83.0001,90115
83.0001,99995
83.0001,99998
83.0001,100102
83.0001,100231
83.0001,102010
83.0001,102060
83.0001,110011
83.0001,111213
83.0001,111701
83.0001,122900
83.0001,123441
83.0001,123555
83.0001,141516
83.0001,151008
83.0001,156002
83.0001,161616
83.0001,166726
83.0001,166728
83.0001,166730
83.0001,166731
83.0001,166734
83.0001,170803
83.0001,192021
83.0001,200074
83.0001,200076
83.0001,200334
83.0001,201012
83.0001,201306
83.0001,201722
83.0001,201829
83.0001,201902
83.0001,220003
83.0001,240005
83.0001,262626
83.0001,300915
83.0001,334919
83.0001,338781
83.0001,2407291
83.0001,3032016
83.0001,3112019
83.0001,3122018
83.0001,3240003
83.0001,4182016
83.0001,4272006
83.0001,4564111
83.0001,5112020
83.0001,5142004
83.0001,5262001
83.0001,5585858
83.0001,6000111
83.0001,7152003
83.0001,7202004
83.0001,8172000
83.0001,8420162
83.0001,8420164
83.0001,8844321
83.0001,10192004
83.0001,10212004
83.0001,10282004
83.0001,11222004
83.0001,12272016
83.0001,20040714
83.0001,20070517
8807.0001,677
8807.0001,900
8807.0001,1000
8807.0001,1101
8807.0001,2003
8807.0001,2887
8807.0001,5000
8807.0001,11233
8807.0001,201013
8807.0001,568745
8807.0001,980115
8807.0001,987654
8807.0001,1234567
8807.0001,13081307
8807.0001,20200814
8807.0001,2011090611
8807.0001,2011113001
8807.0001,2011120101
8807.0001,2011120235
8807.0001,2011121344
8807.0001,20111207412
8807.0001,20111208421
8813.0001,112
8813.0001,113
8813.0001,787
8813.0001,833
8813.0001,1003
8813.0001,1012
8813.0001,5677
8813.0001,10002
8813.0001,10233
8813.0001,11051
8813.0001,11601
8813.0001,12311
8813.0001,30501
8813.0001,31701
10912.0026,303
10912.0026,305
10912.0026,325
10912.0026,333
10912.0026,359
10912.0026,450
10912.0026,457
10912.0026,601
10912.0026,875
10912.0026,1344
10912.0026,1700
10912.0026,2001
10912.0026,2101
10912.0026,2233
10912.0026,2565
10912.0026,3000
10912.0026,3424
10912.0026,3490
10912.0026,4500
10912.0026,5400
10912.0026,5467
10912.0026,5746
10912.0026,6022
10912.0026,6264
10912.0026,7788
10912.0026,8834
10912.0026,8888
10912.0026,9707
10912.0026,9796
10912.0026,9876
10912.0026,10002
10912.0026,10777
10912.0026,12121
10912.0026,12345
10912.0026,13680
10912.0026,20202
10912.0026,21000
10912.0026,29498
10912.0026,35446
10912.0026,39051
10912.0026,42798
10912.0026,44401
10912.0026,45012
10912.0026,45674
10912.0026,50000
10912.0026,50798
10912.0026,52520
10912.0026,55509
10912.0026,55707
10912.0026,55890
10912.0026,60060
10912.0026,71000
10912.0026,82502
10912.0026,82504
10912.0026,82506
10912.0026,82513
10912.0026,98164
10912.0026,101010
10912.0026,111113
10912.0026,120120
10912.0026,133133
10912.0026,136419
10912.0026,201102
10912.0026,204088
10912.0026,222222
10912.0026,233399
10912.0026,255214
10912.0026,313067
10912.0026,313068
10912.0026,313075
10912.0026,313089
10912.0026,313092
10912.0026,313305
10912.0026,313334
10912.0026,313336
10912.0026,324532
10912.0026,329988
10912.0026,390390
10912.0026,414141
10912.0026,444407
10912.0026,444414
10912.0026,447766
10912.0026,525058
10912.0026,525071
10912.0026,525073
10912.0026,525080
10912.0026,525100
10912.0026,525104
10912.0026,525120
10912.0026,525121
10912.0026,525127
10912.0026,545456
10912.0026,655441
10912.0026,665577
10912.0026,780501
10912.0026,780502
10912.0026,790056
10912.0026,799919
10912.0026,800100
10912.0026,800300
10912.0026,897002
10912.0026,980011
10912.0026,980304
10912.0026,980319
10912.0026,980508
10912.0026,980520
10912.0026,980528
10912.0026,981020
10912.0026,981203
10912.0026,989999
10912.0026,1212111
10912.0026,2002004
10912.0026,2250001
10912.0026,2260004
10912.0026,3003001
10912.0026,3010002
10912.0026,3040003
10912.0026,3040007
10912.0026,3463464
10912.0026,4230001
10912.0026,4334289
10912.0026,4545456
10912.0026,54235325
10912.0026,88776655
10912.0026,98011401
10912.0026,98022601
10912.0026,98031801
10912.0026,98040201
10912.0026,98041801
10912.0026,98050701
10912.0026,98051503
10912.0026,99900316
10912.0026,101319982
10912.0026,101419981
10912.0026,234532523
10912.0026,343409430
10912.0026,456567445
10912.0026,1144
10912.0026,10293
10912.0026,72000
10912.0026,100001
10912.0026,112598
10912.0026,212598
10912.0026,424242
10912.0026,525060
10912.0026,789891
10912.0026,876757
10912.0026,191291219
83.0001,88128
83.0001,48
83.0001,113
83.0001,2112012
83.0001,667
83.0001,1200
83.0001,22233
83.0001,33344
83.0001,45641
83.0001,55004
83.0001,334567
83.0001,1122022
83.0001,12965323
83.0001,23994327
83.0001,11
83.0001,1235
83.0001,6784
83.0001,6794
83.0001,234234
83.0001,314
83.0001,4242018
83.0001,42420182
83.0001,4567
83.0001,56412
83.0001,65233
83.0001,1015
83.0001,2007
83.0001,3007
83.0001,9192016
83.0001,1419566
83.0001,3460731
10912.0026,10090
10912.0026,3334444
10912.0026,98765432
10912.0026,987890
10912.0026,101
10912.0026,9011
10912.0026,4894848
10912.0026,9261
10912.0026,33333
19228.0734,44556677
19635.0734,4500018
82.0001,4504
83.0001,1300
83.0001,4328
83.0001,8821
83.0001,20161
83.0001,21403
83.0001,33565
10912.0026,8200
10912.0026,34321
10912.0026,45568
10912.0026,54545
10912.0026,82509
10912.0026,334003
10912.0026,444412
10912.0026,3457354
10912.0026,98032502
83.0001,12347
83.0001,50505
83.0001,3032331
8807.0001,4282003
10912.0026,950
83.0001,78867868
83.0001,95250635
83.0001,98032701
83.0001,98042102
83.0001,98050102
83.0001,200403041
83.0001,200403093
83.0001,200403112
83.0001,200403182
83.0001,200403292
83.0001,200403301
83.0001,200409101
83.0001,201006141
83.0001,201006232
83.0001,201009082
83.0001,201108171
83.0001,201108172
83.0001,201502202
83.0001,201502206
83.0001,484934934
83.0001,2004003043
83.0001,2011030412
83.0001,2011080203
83.0001,2011080301
83.0001,2011090812
83.0001,3833383838
83.0001,160920161030
83.0001,852741111111
92.0001,6244
104.0001,1000
104.0001,1500
118.0001,32401
83.0001,1367
83.0001,1370
83.0001,1555
83.0001,1975
83.0001,2002
83.0001,2010
83.0001,2044
83.0001,2057
83.0001,2200
83.0001,2211
83.0001,2229
83.0001,2402
83.0001,2610
83.0001,3001
83.0001,3030
83.0001,3047
83.0001,3094
83.0001,3321
83.0001,3400
83.0001,3445
83.0001,3446
83.0001,3577
83.0001,3890
83.0001,3961
83.0001,4555
83.0001,4889
83.0001,5003
83.0001,5040
83.0001,5086
83.0001,5087
83.0001,349000
83.0001,456456
83.0001,467382
83.0001,525018
83.0001,532005
83.0001,546546
83.0001,555001
83.0001,555555
83.0001,665544
83.0001,777038
83.0001,792003
83.0001,808008
83.0001,842016
83.0001,922020
83.0001,980101
83.0001,998866
83.0001,999961
83.0001,1002525
83.0001,1034801
83.0001,1034806
83.0001,1309201
83.0001,1434901
83.0001,1818118
83.0001,2003002
83.0001,2018100
83.0001,2020003
83.0001,2050001
83.0001,78917
83.0001,87697
83.0001,99234
83.0001,122503
83.0001,20110111
83.0001,20191206
83.0001,20191212
83.0001,201006231
83.0001,201107121
8813.0001,91401
8813.0001,123001
8834.0001,7000
10912.0026,33
10912.0026,138
10912.0026,144
10912.0026,282
10912.0026,451
10912.0026,516
10912.0026,770
10912.0026,1155
10912.0026,2009
10912.0026,3636
10912.0026,7525
8813.0001,98765
8813.0001,122001
8813.0001,123123
8813.0001,234576
8813.0001,393939
8813.0001,656565
8813.0001,11113011
8813.0001,11113012
8813.0001,11113017
8813.0001,20040415
8834.0001,888
8834.0001,3003
8834.0001,4400
8834.0001,5003
8834.0001,5005
8834.0001,5007
8834.0001,5012
8834.0001,5022
8834.0001,5037
8834.0001,5039
8834.0001,5042
8834.0001,6007
8834.0001,6020
8834.0001,6028
8834.0001,6036
8834.0001,6052
8834.0001,6053
9072.0001,3001
9072.0001,300200
9393.0001,2701201
10912.0026,82510
10912.0026,445568
10912.0026,72
10912.0026,86
10912.0026,132
10912.0026,148
10912.0026,149
10912.0026,159
10912.0026,777888999
10912.0026,2507436652
18886.0045,6788
19228.0734,11113014
83.0001,4433355
83.0001,713
83.0001,3380
83.0001,23399
83.0001,30107
83.0001,34490
83.0001,802610
83.0001,3222006
83.0001,8182010
83.0001,10520221
83.0001,98030322
8816.0001,111300917
8816.0001,111301317
8816.0001,111400317
8816.0001,111500727
8834.0001,5017
83.0001,20090212
83.0001,20100920
83.0001,20101119
83.0001,20110711
83.0001,20110809
83.0001,20110916
83.0001,20111219
83.0001,20130318
83.0001,20130509
83.0001,20130516
83.0001,20131032
83.0001,20140202
83.0001,20140523
83.0001,20141128
83.0001,20150303
83.0001,20150320
83.0001,20160112
83.0001,20160120
83.0001,20160302
83.0001,20160525
83.0001,20190429
83.0001,20190501
83.0001,20200007
83.0001,20200210
83.0001,20200413
83.0001,20200708
83.0001,20200709
83.0001,20200819
83.0001,20210114
83.0001,20210722
83.0001,20210811
83.0001,20211108
83.0001,21082108
83.0001,21231231
83.0001,25058011
83.0001,27092011
83.0001,6601
83.0001,13505
83.0001,22005
83.0001,44003
83.0001,44007
8807.0001,8000002
8807.0001,8000010
8807.0001,8000011
8807.0001,8000013
8807.0001,1001111
8807.0001,6000007
8807.0001,6000008
8813.0001,967
8813.0001,10291
8813.0001,10302
8834.0001,2000
10251.0001,11035520
10912.0026,234345
10912.0026,435342
10912.0026,525014
83.0001,16353
83.0001,18096
83.0001,20000
83.0001,20003
83.0001,20006
83.0001,20051
83.0001,20101
83.0001,20120
83.0001,20121
83.0001,20221
83.0001,21130
83.0001,22919
83.0001,22955
83.0001,23310
83.0001,24007
83.0001,24008
83.0001,24155
83.0001,30034
83.0001,33388
83.0001,34559
83.0001,34900
83.0001,37471
83.0001,38888
83.0001,39390
83.0001,41231
83.0001,44238
83.0001,44900
83.0001,46974
83.0001,48871
83.0001,50992
83.0001,55561
23.0001,20031
82.0001,1000
82.0001,6512
82.0001,20020
82.0001,985093
82.0001,20200325
83.0001,678
83.0001,3330
83.0001,3331
83.0001,9991
83.0001,1108
83.0001,20
83.0001,6152018
83.0001,36
83.0001,40
83.0001,42
83.0001,88
83.0001,110
83.0001,118
83.0001,211
83.0001,304
83.0001,330
83.0001,456
83.0001,485
83.0001,909
83.0001,1050
83.0001,5353
83.0001,5454
83.0001,5517
83.0001,5519
83.0001,5520
83.0001,5521
83.0001,5531
83.0001,5532
83.0001,5534
83.0001,5545
83.0001,5551
83.0001,6092
83.0001,6095
83.0001,6300
83.0001,6402
83.0001,6779
83.0001,7068
83.0001,7517
83.0001,7730
83.0001,7778
83.0001,8005
83.0001,8120
83.0001,8300
83.0001,8744
83.0001,8900
83.0001,9004
83.0001,9876
83.0001,9996
83.0001,9997
83.0001,10006
83.0001,10008
83.0001,10009
83.0001,10011
83.0001,10024
83.0001,10121
83.0001,10122
83.0001,11031
83.0001,11050
83.0001,11061
83.0001,12067
83.0001,14124
83.0001,59887
83.0001,62003
83.0001,64223
83.0001,65465
83.0001,77890
83.0001,78666
83.0001,78919
83.0001,85789
83.0001,87654
83.0001,87655
83.0001,87878
83.0001,89000
83.0001,90111
83.0001,98999
83.0001,100130
83.0001,100220
83.0001,102014
83.0001,102020
83.0001,102030
83.0001,102050
83.0001,123001
83.0001,123002
83.0001,123466
83.0001,151009
83.0001,154664
83.0001,166231
83.0001,166277
83.0001,166405
83.0001,166503
83.0001,179807
83.0001,200345
83.0001,201309
83.0001,201725
83.0001,201801
83.0001,201922
83.0001,220004
83.0001,233940
83.0001,260002
83.0001,304050
83.0001,335335
83.0001,2488982
83.0001,3072021
83.0001,3112005
83.0001,3122021
83.0001,3182021
83.0001,3344949
83.0001,4112000
83.0001,4142000
83.0001,4262005
83.0001,4420083
83.0001,6102019
83.0001,6172004
83.0001,7192006
83.0001,7222002
83.0001,8142000
83.0001,8152017
83.0001,9252003
83.0001,9272000
83.0001,9911101
83.0001,10132004
83.0001,10312017
83.0001,11052004
83.0001,11120071
83.0001,11172018
83.0001,12182003
83.0001,18072015
83.0001,18120191
83.0001,20010103
83.0001,20050105
83.0001,20070709
83.0001,20080516
8807.0001,504
8807.0001,770
8807.0001,3000
8807.0001,99876
8807.0001,2000511
8807.0001,13081303
8807.0001,13081311
8807.0001,20120113
8807.0001,20150316
8807.0001,20200831
8807.0001,2011090605
8807.0001,2011120134
8807.0001,2011120236
8807.0001,20111207413
8813.0001,8
8813.0001,200
8813.0001,332
8813.0001,502
8813.0001,800
8813.0001,899
8813.0001,1011
8813.0001,2161
8813.0001,3031
8813.0001,4889
8813.0001,7300
8813.0001,9001
8813.0001,9081
8813.0001,10701
8813.0001,11141
8813.0001,11201
8813.0001,12345
8813.0001,12401
8813.0001,43210
8813.0001,43211
10912.0026,275
10912.0026,280
10912.0026,281
10912.0026,339
10912.0026,357
10912.0026,404
10912.0026,429
10912.0026,432
10912.0026,456
10912.0026,607
10912.0026,651
10912.0026,666
10912.0026,975
10912.0026,1005
10912.0026,1100
10912.0026,1101
10912.0026,1300
10912.0026,1313
10912.0026,1623
10912.0026,1711
10912.0026,1800
10912.0026,2199
10912.0026,2222
10912.0026,2332
10912.0026,2828
10912.0026,3300
10912.0026,3440
10912.0026,3489
10912.0026,3688
10912.0026,3737
10912.0026,4007
10912.0026,4556
10912.0026,4690
10912.0026,5011
10912.0026,5577
10912.0026,5598
10912.0026,5688
10912.0026,6266
10912.0026,6267
10912.0026,7600
10912.0026,7799
10912.0026,7801
10912.0026,7891
10912.0026,8787
10912.0026,8900
10912.0026,9005
10912.0026,9930
10912.0026,10598
10912.0026,11111
10912.0026,11511
10912.0026,12421
10912.0026,17000
10912.0026,20045
10912.0026,23100
10912.0026,23200
10912.0026,28700
10912.0026,29988
10912.0026,30016
10912.0026,33133
10912.0026,33400
10912.0026,34090
10912.0026,34800
10912.0026,39089
10912.0026,40000
10912.0026,40498
10912.0026,41001
10912.0026,43100
10912.0026,44005
10912.0026,44334
10912.0026,45005
10912.0026,46900
10912.0026,48000
10912.0026,54543
10912.0026,55502
10912.0026,55508
10912.0026,66000
10912.0026,66661
10912.0026,66669
10912.0026,67990
10912.0026,73000
10912.0026,76584
10912.0026,77702
10912.0026,82503
10912.0026,82516
10912.0026,88000
10912.0026,98165
10912.0026,99001
10912.0026,99002
10912.0026,110665
10912.0026,205098
10912.0026,213000
10912.0026,225588
10912.0026,234543
10912.0026,255219
10912.0026,280298
10912.0026,280598
10912.0026,292528
10912.0026,300498
10912.0026,311113
10912.0026,313056
10912.0026,313064
10912.0026,313065
10912.0026,313069
10912.0026,313080
10912.0026,313085
10912.0026,313090
10912.0026,313307
10912.0026,313322
10912.0026,313327
10912.0026,313329
10912.0026,313333
10912.0026,331000
10912.0026,349878
10912.0026,434354
10912.0026,444413
10912.0026,525031
10912.0026,525034
10912.0026,525040
10912.0026,525046
10912.0026,525101
10912.0026,525102
10912.0026,525103
10912.0026,525109
10912.0026,525126
10912.0026,525130
10912.0026,525302
10912.0026,525306
10912.0026,640106
10912.0026,657768
10912.0026,710126
10912.0026,747474
10912.0026,778000
10912.0026,889006
10912.0026,978665
10912.0026,980218
10912.0026,980313
10912.0026,981087
10912.0026,981919
10912.0026,982587
10912.0026,989898
10912.0026,1070001
10912.0026,1324567
10912.0026,2002002
10912.0026,2220001
10912.0026,2228228
10912.0026,3887777
10912.0026,4190001
10912.0026,7778787
10912.0026,9833333
10912.0026,43287348
10912.0026,66779953
10912.0026,74745745
10912.0026,98032101
10912.0026,98032501
10912.0026,98040101
10912.0026,98042305
10912.0026,98042701
10912.0026,98042801
10912.0026,98051201
10912.0026,98052501
10912.0026,98989098
10912.0026,99900336
10912.0026,111222333
10912.0026,111301017
10912.0026,123456789
10912.0026,252525252
10912.0026,1222
10912.0026,91001
10912.0026,200506
10912.0026,312598
10912.0026,325325
10912.0026,330330
10912.0026,412598
10912.0026,525054
10912.0026,705098
83.0001,555666666666
83.0001,47
83.0001,982
83.0001,2929
83.0001,88888
83.0001,223456
83.0001,282003
83.0001,20120102
83.0001,980224
83.0001,191919
83.0001,6786
83.0001,6791
83.0001,456789
83.0001,546789
83.0001,202
83.0001,8000014
83.0001,80000001
83.0001,1400
83.0001,6060
83.0001,6064
83.0001,6066
83.0001,65231
83.0001,65232
83.0001,1377901
83.0001,154
83.0001,4545
83.0001,5252
83.0001,1102005
83.0001,24022011
83.0001,5796050
83.0001,4728382
10912.0026,23456789
10912.0026,45671234
10912.0026,2
10912.0026,2339
10912.0026,2223333
10912.0026,3570727
10912.0026,34343434
10912.0026,12220
10912.0026,100
10912.0026,2177654
10912.0026,2177777
10912.0026,3733122
10912.0026,4444444
10912.0026,5192422
10912.0026,7233456
10912.0026,34890
19635.0734,85744001
83.0001,21213334
83.0001,3032
83.0001,4327
83.0001,5000
83.0001,5006
83.0001,6464
83.0001,7878
83.0001,24000
10912.0026,9888
10912.0026,14444
10912.0026,38000
10912.0026,44406
10912.0026,56763
10912.0026,61600
10912.0026,78898
10912.0026,313093
